<?xml version="1.0" encoding="utf-8"?>
<extension type="component" version="3.0.0" method="upgrade">
    <identifier>com:dragonpay</identifier>
    <name>com_dragonpay</name>
    <author>Jebb Domingo</author>
    <creationDate>April 2017</creationDate>
    <copyright>Copyright (C) 2016 - 2019 Nucleon + Co. (https://www.nucleonplus.com)</copyright>
    <authorEmail>info@nucleonplus.com</authorEmail>
    <authorUrl>www.nucleonplus.com</authorUrl>
    <version>1.0.0</version>
    <description>Nucleon Plus - Dragonpay</description>

    <scriptfile>resources/install/script.php</scriptfile>

    <install>
        <sql>
            <file driver="mysql" charset="utf8">resources/install/install.sql</file>
        </sql>
    </install>

    <uninstall>
        <sql>
            <file driver="mysql" charset="utf8">resources/install/uninstall.sql</file>
        </sql>
    </uninstall>

    <administration>
        <files folder="administrator/components/com_dragonpay">
            <filename>version.php</filename>
            <folder>controller</folder>
            <folder>database</folder>
            <folder>model</folder>
            <folder>resources</folder>
        </files>
    </administration>

</extension>
